{
 "probe": "bpred_local_excess",
 "purpose": "b_pred (predicted local Hubble bias, wall observer) from the free-history two-scale structure in its three lapse readings (LA/LB/V0), the recomputed b_req, and the pre-registered P3 equality-test verdict with its sigma sensitivity.",
 "reading": "KINEMATIC (forced f_v(z); integrability not enforced).",
 "wiltshire_window": [
  0.17,
  0.22
 ],
 "tracker_validation": {
  "fv0=0.695": {
   "fv0": 0.6950000000000001,
   "tau0": 0.8983333333333334,
   "fvp_dtau": 0.23597021410512736,
   "Hw_over_Hbar0": 0.7421150278293135,
   "Hv_over_Hbar0": 1.1131811348468508,
   "Hbar_over_Hbar0": 1.0000059722065018,
   "Hv_minus_Hw_over_Hbar0": 0.37106610701753734,
   "gamma_bar": 1.3475000000000001,
   "gamma_bar_dot": 0.11798510705256368,
   "Hdress_over_Hbar0": 1.2295229404956975,
   "Hd0_solver_check": 1.2295240824501534,
   "Hvoid_app_over_Hbar0": 1.3820264721535678,
   "E_dress_void_PRIMARY": 0.12403471837327941,
   "E_bare_void": 0.11317448673894345,
   "E_contrast_HvHw_over_Hbar": 0.37106389094735526,
   "E_lapse_boost": 0.34750000000000014
  },
  "fv0=0.76": {
   "fv0": 0.76,
   "tau0": 0.9199999999999999,
   "fvp_dtau": 0.198265890023709,
   "Hw_over_Hbar0": 0.7246376811594204,
   "Hv_over_Hbar0": 1.0869656965536254,
   "Hbar_over_Hbar0": 1.0000069728590162,
   "Hv_minus_Hw_over_Hbar0": 0.36232801539420506,
   "gamma_bar": 1.38,
   "gamma_bar_dot": 0.0991329450118545,
   "Hdress_over_Hbar0": 1.2808766775335876,
   "Hd0_solver_check": 1.2808776950752128,
   "Hvoid_app_over_Hbar0": 1.4008797162321485,
   "E_dress_void_PRIMARY": 0.0936882065255764,
   "E_bare_void": 0.08695811734791664,
   "E_contrast_HvHw_over_Hbar": 0.36232548894965266,
   "E_lapse_boost": 0.3799999999999999
  },
  "fv0=0.8": {
   "fv0": 0.8000000000000002,
   "tau0": 0.9333333333333335,
   "fvp_dtau": 0.17143314170116303,
   "Hw_over_Hbar0": 0.7142857142857142,
   "Hv_over_Hbar0": 1.071438092829804,
   "Hbar_over_Hbar0": 1.0000076171209862,
   "Hv_minus_Hw_over_Hbar0": 0.3571523785440899,
   "gamma_bar": 1.4000000000000001,
   "gamma_bar_dot": 0.08571657085058151,
   "Hdress_over_Hbar0": 1.3142940931187992,
   "Hd0_solver_check": 1.3142949965767288,
   "Hvoid_app_over_Hbar0": 1.4142967591111442,
   "E_dress_void_PRIMARY": 0.07608849991484039,
   "E_bare_void": 0.07142993161838661,
   "E_contrast_HvHw_over_Hbar": 0.357149658091934,
   "E_lapse_boost": 0.40000000000000013
  },
  "fv0=0.85": {
   "fv0": 0.85,
   "tau0": 0.9500000000000001,
   "fvp_dtau": 0.13421432813723322,
   "Hw_over_Hbar0": 0.7017543859649122,
   "Hv_over_Hbar0": 1.0526415183498357,
   "Hbar_over_Hbar0": 1.000008448492097,
   "Hv_minus_Hw_over_Hbar0": 0.3508871323849234,
   "gamma_bar": 1.425,
   "gamma_bar_dot": 0.06710716406861661,
   "Hdress_over_Hbar0": 1.357904875032622,
   "Hd0_solver_check": 1.3579055999004541,
   "Hvoid_app_over_Hbar0": 1.4329069995798993,
   "E_dress_void_PRIMARY": 0.0552337103476969,
   "E_bare_void": 0.05263262519142066,
   "E_contrast_HvHw_over_Hbar": 0.3508841679428036,
   "E_lapse_boost": 0.42500000000000004
  }
 },
 "tracker_validation_primary": {
  "fv0=0.695": 0.12403471837327941,
  "fv0=0.76": 0.0936882065255764,
  "fv0=0.8": 0.07608849991484039,
  "fv0=0.85": 0.0552337103476969
 },
 "tracker_validation_in_window": {
  "fv0=0.695": false,
  "fv0=0.76": false,
  "fv0=0.8": false,
  "fv0=0.85": false
 },
 "free_history_LA": {
  "fv0": 0.64013,
  "tau0": 0.8800433333333334,
  "fvp_dtau": 0.3563841214520566,
  "Hw_over_Hbar0": 0.7575384545457988,
  "Hv_over_Hbar0": 1.273221990771736,
  "Hbar_over_Hbar0": 1.0876429565901078,
  "Hv_minus_Hw_over_Hbar0": 0.5156835362259371,
  "gamma_bar": 1.320065,
  "gamma_bar_dot": 0.1781920607260283,
  "Hdress_over_Hbar0": 1.2575673387650923,
  "Hd0_solver_check": 1.2575679214679143,
  "Hvoid_app_over_Hbar0": 1.5025437265220634,
  "E_dress_void_PRIMARY": 0.194801805203953,
  "E_bare_void": 0.17062495836266053,
  "E_contrast_HvHw_over_Hbar": 0.47412943107972433,
  "E_lapse_boost": 0.32006500000000004
 },
 "free_history_LB": {
  "fv0": 0.5878612293793102,
  "tau0": 0.8626204097931035,
  "fvp_dtau": 0.3092676448241328,
  "Hw_over_Hbar0": 0.7728389672887109,
  "Hv_over_Hbar0": 1.1983344389865043,
  "Hbar_over_Hbar0": 1.022971258376305,
  "Hv_minus_Hw_over_Hbar0": 0.4254954716977933,
  "gamma_bar0_LB": 1.3236247572964668,
  "gamma_bar_dot_LB": 0.04140610935253841,
  "Hdress_over_Hbar0": 1.3126239742370596,
  "Hvoid_app_over_Hbar0": 1.5447390216109709,
  "E_dress_void_PRIMARY": 0.17683285688029907,
  "E_bare_void": 0.17142532517339892,
  "E_contrast_HvHw_over_Hbar": 0.4159407883787021,
  "E_lapse_boost": 0.3236247572964668,
  "note": "LB two-scale excess at z=0; gamma_bar0 (present lapse, shot) and Hd0 (dressed present rate) taken from the LB solution. E_dress_void_PRIMARY = gamma_bar0*(H_v-Hbar)/Hd0 is the field paper-3 b_pred reads.",
  "Hd0_solver_check": 1.3126239742370596,
  "_source": "sibling_artifact:../free-history-timescape/probes_out/modelV_probeR_LB.json",
  "_fallback_agrees_abs": 0.0
 },
 "free_history_V0_nolapse": {
  "fv0": 0.38292,
  "tau0": 0.7943066666666666,
  "fvp_dtau": 0.5744909318137207,
  "Hw_over_Hbar0": 0.8393063971933594,
  "Hv_over_Hbar0": 1.6497305991941826,
  "Hbar_over_Hbar0": 1.1496340326235146,
  "Hv_minus_Hw_over_Hbar0": 0.8104242020008232,
  "gamma_bar": 1.0,
  "gamma_bar_dot": 0.0,
  "Hdress_over_Hbar0": 1.1496340326235146,
  "Hd0_solver_check": 1.1496365069924688,
  "Hvoid_app_over_Hbar0": 1.6497305991941826,
  "E_dress_void_PRIMARY": 0.4350050123598255,
  "E_bare_void": 0.4350050123598255,
  "E_contrast_HvHw_over_Hbar": 0.7049410325400686,
  "E_lapse_boost": 0.0
 },
 "lb_recompute_status": {
  "converged": false,
  "Hd0_recomputed": -3815169365.468052,
  "Hd_finite_fraction": 0.8761292043068102,
  "note": "paper-3 modelv_solve(lapse='rate_ratio') on the LB free-history nodes: the coupled z<->tau Picard DIVERGES (Hd0 overflows, non-finite entries in Hd). LB is therefore READ from the 1b-A artifact, not recomputed here."
 },
 "recompute_checks": {
  "LA_recomputed": 0.194801805203953,
  "LA_committed": 0.19480180520559792,
  "LA_abs_err": 1.6449341888602476e-12,
  "V0_recomputed": 0.4350050123598255,
  "V0_committed": 0.4350050123598255,
  "V0_abs_err": 0.0,
  "LB_source": "sibling_artifact",
  "LB_value": 0.17683285688029907
 },
 "b_req": {
  "b_req": 0.08416615584147968,
  "Hbar0_anchored": 58.32194048848205,
  "Hbar0_global": 53.794282522327265,
  "formula": "Hbar0_anchored / Hbar0_global - 1 (same fixed shape -> dressing cancels; a pure ratio of the SH0ES-anchored vs BAO+CMB-anchored bare scales)",
  "crosscheck_adv_anchored_h0": 0.08416615584138198,
  "crosscheck_abs_err": 9.769962616701378e-14,
  "crosscheck_phaseF": 0.08416615584147968
 },
 "b_pred": {
  "b_pred": 0.194801805203953,
  "reading": "LA (algebraic lapse) two-scale excess at z=0 -- the primary point prediction.",
  "caveat_BOUND": "KINEMATIC two-scale BOUND: the void-scale apparent-H0 MAXIMUM at z->0 from the smooth volume-average, NOT the survey-averaged local bias the P3 equality test needs. The SH0ES ladder samples mostly ABOVE the void scale, so the true survey-averaged bias is a dilution of this maximum toward b_req; computing that dilution needs the radial apparent-H0 decay profile (out of scope).",
  "caveat_tracker_window_FAIL": "This BOUND is NOT validated: fed the tracker at f_v0~0.7-0.8 the same construction yields ~9-12%% (decreasing with f_v0), never the cited Wiltshire 17-22%% -> it fails the window validation gate, so it MIS-represents the survey-averaged local bias.",
  "alt_measures_LA": {
   "bare_void": 0.17062495836266053,
   "contrast_HvHw_over_Hbar": 0.47412943107972433,
   "lapse_boost": 0.32006500000000004
  },
  "three_lapse_readings": {
   "LA": 0.194801805203953,
   "LB": 0.17683285688029907,
   "V0_nolapse": 0.4350050123598255
  }
 },
 "sigma_components": {
  "anchored_scale": 0.013699199232349347,