{
 "probe": "bpred_survey_averaged",
 "purpose": "Survey-averaged b_pred: the void-scale apparent-H0 MAXIMUM E_max averaged over a radial apparent-H0 profile dH(<r)/Hdress = E_max*phi(r) with the SH0ES calibrator+Hubble-flow survey geometry, its systematic band, and the pre-registered P3 verdict vs b_req.",
 "reading": "KINEMATIC (forced f_v(z); integrability not enforced).",
 "gate_a_tracker_window": {
  "PASS": true,
  "E_max_tracker_fv0_0p76": 0.17107942973523405,
  "target_0p76": 0.171,
  "E_max_tracker_fv0_0p695": 0.21999064447495886,
  "target_0p695": 0.22,
  "down_side_wall_floor_0p76": 0.21928038017651053,
  "target_down": 0.219,
  "pairing_up_endpoints": {
   "up_at_0p76": 0.17107942973523405,
   "up_at_0p695": 0.21999064447495886,
   "reading": "up-side excess at the two tracker endpoints -> the 17-22% window as an fv0-range [0.76,0.695]"
  },
  "pairing_up_down_at_0p76": {
   "up_at_0p76": 0.17107942973523405,
   "down_at_0p76": -0.21928038017651053,
   "reading": "up/down apparent-Hubble variance at a single fv0=0.76 -> +0.171 / -0.219 (the '22% present-epoch variance')"
  },
  "km_s_Mpc_check": {
   "dressed_global_H0": 61.7,
   "H0_up_side_0p76": 72.25560081466395,
   "H0_down_side_0p76": 75.22959945689071,
   "note": "61.7*(1+E_max): up-side->72.3, down-side->75.2 km/s/Mpc; the down-side matches Wiltshire's ~75 km/s/Mpc maximal local value."
  },
  "identity": "E_max(fv0) = (3/2)/g_dress(fv0) - 1 = 3(2+fv0)/(4 fv0^2 + fv0 + 4) - 1",
  "references": [
   "Wiltshire 2009 arXiv:0909.0749",
   "review arXiv:0912.5234"
  ],
  "note": "Both pairings reported, neither chosen: the historical '17-22%' is EITHER the up-side excess across the tracker fv0 endpoints [0.76->0.171, 0.695->0.220] OR the up/down apparent-Hubble variance at fv0=0.76 [+0.171/-0.219]."
 },
 "E_max": {
  "tracker": {
   "fv0_0p76": 0.17107942973523405,
   "fv0_0p695": 0.21999064447495886
  },
  "LA": {
   "E_max": 0.3364976454450088,
   "gamma_bar0": 1.320065,
   "Hv_over_Hbar0": 1.273221990771736,
   "Hdress_over_Hbar0": 1.2575673387650923,
   "gamma_bar_dot": 0.1781920607260283,
   "E_dress_void_volume_average": 0.194801805203953,
   "E_max_via_identity": 0.3364976454450088,
   "identity_abs_err": 0.0,
   "formula": "E_max = gamma_bar0*H_v0/Hdress0 - 1 (pure clock conversion, NO gamma_bar_dot subtraction)"
  },
  "LB": {
   "E_max": 0.20837738917989013,
   "gamma_bar0": 1.3236247572964668,
   "Hv_over_Hbar0": 1.1983344389865043,
   "Hdress_over_Hbar0": 1.3126239742370596,
   "gamma_bar_dot": 0.04140610935253841,
   "E_dress_void_volume_average": 0.17683285688029907,
   "E_max_via_identity": 0.20837738917989004,
   "identity_abs_err": 8.326672684688674e-17,
   "source": "sibling_artifact:../free-history-timescape/probes_out/modelV_probeR_LB.json"
  }
 },
 "gate_b_small_r_ceiling": {
  "PASS": true,
  "phi_at_r0": 1.0,
  "small_r_limit": 0.3364976454450088,
  "target_E_max_LA": 0.3365,
  "E_max_LA": 0.3364976454450088,
  "identity_crosscheck": {
   "E_max": 0.3364976454450088,
   "E_dress_void_plus_gammadot_over_Hdress": 0.3364976454450088,
   "abs_err": 0.0,
   "identity": "E_max = E_dress_void + gamma_bar_dot/Hdress"
  },
  "reconciliation": "0.19480 = VOLUME-AVERAGE excess E_dress_void = (Hvoid_app-Hdress)/Hdress with Hvoid_app = gamma_bar0*H_v - gamma_bar_dot (subtracts the global dressed-scale-factor term). 0.33650 = VOID-SCALE MAXIMUM E_max = gamma_bar0*H_v0/Hdress0 - 1 (pure wall-observer clock conversion, NO subtraction). They differ by exactly gamma_bar_dot/Hdress = 0.14170. The committed Wave-1b b_pred (bpred_local_excess.json) mislabeled the volume-average 0.19480 as 'the maximum'; the robust-FAILS verdict there is UNCHANGED and STRENGTHENED by the larger true ceiling."
 },
 "gate_c_large_r_limit": {
  "PASS": true,
  "phi_at_r_hom": 0.0,
  "phi_beyond_r_hom": 0.0,
  "large_r_limit": 0.0,
  "r_hom": 100.0,
  "note": "dH(<r)/Hdress -> 0 past the homogeneity scale r_hom~100 h^-1 Mpc: the survey averages over the global dressed rate there (no local void bump)."
 },
 "gates_summary": {
  "gate_a": true,
  "gate_b": true,
  "gate_c": true,
  "all_pass": true
 },
 "radial_profile": {
  "form_central": "raised_cosine",
  "r_void_central": 30.0,
  "r_hom_central": 100.0,
  "r_void_range": [
   20.0,
   40.0
  ],
  "r_hom_range": [
   80.0,
   120.0
  ],
  "forms_tested": [
   "raised_cosine",
   "linear",
   "smootherstep",
   "cosine_no_plateau"
  ],
  "prescription": "phi(0)=1 (void-interior maximum), plateau to r_void, smooth monotone decline to 0 by r_hom; Wiltshire radial apparent-H0 prescription (cf. Wiltshire, Smale, Mattsson & Watson 2013 arXiv:1201.5371). (r_void,r_hom) & form are DECLARED SYSTEMATICS, not fitted.",
  "phi_at_check_radii": {
   "r0": 1.0,
   "r_void": 1.0,
   "r50": 0.8117449009293668,
   "r_hom": 0.0
  }
 },
 "survey_geometry": {
  "n_calibrators": 77,
  "n_hubble_flow": 277,
  "calib_z_range_zCMB": [
   0.00122,
   0.01646
  ],
  "hf_z_range_zCMB": [
   0.0222,
   0.14882
  ],
  "calib_r_range_zCMB": [
   3.6574679876,
   49.34583858679999
  ],
  "hf_r_range_zCMB": [
   66.553925676,
   446.1511359956
  ],
  "calib_frac_inside_r_hom": 1.0,
  "hf_frac_inside_r_hom": 0.4151624548736462,
  "hf_frac_inside_r_void": 0.0,
  "r_mapping": "r_i = c*z_i/100 [h^-1 Mpc]; zCMB first-order (primary), zHD (P4 systematic)."
 },
 "b_pred_survey": {
  "b_pred_survey_central": 0.02400685869293041,
  "E_max_used": 0.3364976454450088,
  "lapse": "LA",
  "phi_hf_mean": 0.07134331849835682,
  "phi_calib_mean": 0.9940403452757023,
  "phi_survey_mean": 0.2720429542663105,
  "definition": "b_pred_survey = E_max * <phi>_Hubble-flow. The ladder's H0 = cz/d_L over the Hubble-flow SNe traces the LOCAL apparent rate at the HF SNe = Hdress*(1+E_max*phi(r_hf)); M_B is fixed by geometric Cepheid distances (unbiased by the local apparent rate), so the calibrator apparent rate does NOT enter. Fractional bias vs the global dressed rate = E_max*<phi>_HF, the analogue of b_req = Hbar0_anchored/Hbar0_global - 1.",
  "alternative_differential": {
   "b_calib_minus_hf": 0.310485376969687,
   "note": "ALTERNATIVE, NOT primary: E_max*(<phi>_calib - <phi>_HF). Would apply only IF the calibrator anchoring were itself biased by the local apparent rate; it is not (Cepheid distances are geometric). Reported for transparency: because calibrators sit deep in the void (<phi>_calib=0.994) this OVERSHOOTS to 0.31049 -- physically inapplicable, shown only to bracket the definitional choice."
  },
  "diagnostic_whole_survey": {
   "b_all": 0.09154181357051769,
   "note": "Diagnostic only: E_max*<phi> over calibrators+HF together (no physical basis for co-averaging the two populations)."
  },
  "conventions": "LA E_max, raised_cosine phi, r_void=30, r_hom=100 h^-1 Mpc, zCMB."
 },
 "systematic_band": {
  "phi_shape_band": {
   "lo": 0.0009294409956442243,
   "hi": 0.07200974428418158,
   "half_range": 0.03554015164426868,
   "note": "DOMINANT systematic: sweep phi form {raised_cosine, linear, smootherstep, cosine_no_plateau} x r_void{20,30,40} x r_hom{80,100,120}, LA E_max, zCMB."
  },
  "zHD_vs_zCMB_shift": {
   "b_zCMB": 0.02400685869293041,
   "b_zHD": 0.0219609472345414,
   "abs_shift": 0.0020459114583890083,
   "note": "P4 systematic: zHD carries LCDM/2M++ peculiar-velocity corrections; zCMB is the first-order primary."
  },
  "lapse_LA_LB": {
   "b_LA": 0.02400685869293041,
   "b_LB": 0.014866334444116953,
   "half_range": 0.004570262124406728,
   "note": "LA/LB lapse-reading spread; V0 EXCLUDED (no-dressing null control)."
  },
  "full_envelope": {
   "lo": 0.0004102835720042392,
   "hi": 0.07200974428418158
  }
 },
 "b_req": {
  "b_req": 0.08416615584147968,
  "Hbar0_anchored": 58.32194048848205,
  "Hbar0_global": 53.794282522327265,
  "formula": "Hbar0_anchored / Hbar0_global - 1",
  "crosscheck_adv_anchored_h0": 0.08416615584138198,
  "crosscheck_abs_err": 9.769962616701378e-14,
  "crosscheck_phaseF": 0.08416615584147968
 },