{
 "probe": "phaseF_freshH0",
 "purpose": "calibrator-anchored late-time dressed H0 for FREE-HISTORY timescape from Pantheon+SH0ES (Cepheid calibrators pin M_B; full stat+sys cov; (MB,q) GLS-profiled). Answers whether freeing f_v(z) moves the anchored H0 off paper-1's tracker value 73.0.",
 "data": {
  "dat_rows": 1701,
  "cov_dim": 1701,
  "md5_dat": "2049b142e6aad384470b3364aa10f3fa",
  "md5_cov": "041bdb6638841794fc2d7caa88dd66eb",
  "n_calibrators": 77
 },
 "conventions": {
  "free_scale": "d_L=(c/Hbar0)(1+zHEL)D_M(zHD); anchoring pins Hbar0 (bare) in km/s/Mpc",
  "H0_gdress": "g_dress(fv0)*Hbar0 (Wiltshire algebraic tracker scale)",
  "H0_fullrate": "Hd(0)*Hbar0 (instantaneous present dressed rate; = local ladder slope)",
  "H0_local_slope": "Hbar0/S0, S0=dD_M/dz|_0; equals H0_fullrate since dD_M/dz|_0=1/Hd(0)"
 },
 "global_reference": {
  "Hbar0": 53.794282522327265,
  "H0_gdress": 63.97117069046785,
  "H0_fullrate": 67.64800086139489,
  "fv0": 0.6401279536221243
 },
 "lcdm_validation_gate": {
  "passed": true,
  "H0": 73.5274431482745,
  "sigma": 1.0170375183817768,
  "expected": "~73.5 (71.5-75)"
 },
 "variants": {
  "main_z001": {
   "n": 1657,
   "n_cal": 77,
   "n_hf": 1580,
   "lcdm": {
    "label": "main_z001/LCDM",
    "n": 1657,
    "dof": 1654,
    "ref": 70.0,
    "shape_best": 0.33250000000000024,
    "shape_err_lo": 0.018476633715434787,
    "shape_err_hi": 0.017586109362528135,
    "shape_railed": false,
    "scale": 73.5274431482745,
    "scale_err_lo": 1.0046537008553287,
    "scale_err_hi": 1.029421335908225,
    "scale_err_sym": 1.0170375183817768,
    "MB": -19.243994606075375,
    "MB_err_cond": 0.02950064763433594,
    "chi2_min": 1452.0173997543752,
    "chi2_per_dof": 0.8778823456797915,
    "H0_local": 73.5274431482745
   },
   "tracker": {
    "label": "main_z001/tracker",
    "n": 1657,
    "dof": 1654,
    "ref": 55.0,
    "shape_best": 0.8550000000000003,
    "shape_err_lo": 0.043651077297121255,
    "shape_err_hi": null,
    "shape_railed": false,
    "scale": 53.585849012802726,
    "scale_err_lo": 1.7285732161363185,
    "scale_err_hi": 1.668868802764834,
    "scale_err_sym": 1.6987210094505762,
    "MB": -19.240386445213517,
    "MB_err_cond": 0.02950064763433594,
    "chi2_min": 1458.0491320639849,
    "chi2_per_dof": 0.8815291004014418,
    "dressed": {
     "fv0": 0.8550000000000003,
     "g_dress": 1.362364273204904,
     "Hd0": 1.362419449119511,
     "S0": 0.7334770459930645,
     "Hbar0": 53.585849012802726,
     "H0_gdress": 73.00344624439471,
     "H0_fullrate": 73.00640289262398,
     "H0_local_slope": 73.05729511992038
    }
   },
   "free_fixed": {
    "label": "main_z001/free_fixed",
    "n": 1657,
    "dof": 1654,
    "ref": 55.0,
    "shape_err_lo": null,
    "shape_err_hi": null,
    "shape_railed": true,
    "scale": 58.32194048848205,
    "scale_err_lo": 0.7934915564000775,
    "scale_err_hi": 0.8044362083377976,
    "scale_err_sym": 0.7989638823689376,
    "MB": -19.24316011196629,
    "MB_err_cond": 0.02950064763433594,
    "chi2_min": 1452.055085413158,
    "chi2_per_dof": 0.8779051302377013,
    "dressed": {
     "fv0": 0.64013,
     "g_dress": 1.189183045456095,
     "Hd0": 1.2575679214699604,
     "S0": 0.7946988394415567,
     "Hbar0": 58.32194048848205,
     "H0_gdress": 69.35546280700221,
     "H0_fullrate": 73.3438014761951,
     "H0_local_slope": 73.38873242782824
    }
   }
  },
  "shoes_hf_flag": {
   "n": 354,
   "n_cal": 77,
   "n_hf": 277,
   "lcdm": {
    "label": "shoes_hf_flag/LCDM",
    "n": 354,
    "dof": 351,
    "ref": 70.0,
    "shape_best": 0.36250000000000027,
    "shape_err_lo": 0.15059193828016468,
    "shape_err_hi": 0.15832572416094337,
    "shape_railed": false,
    "scale": 73.33817591783448,
    "scale_err_lo": 1.1370931222252665,
    "scale_err_hi": 1.1550416209726535,
    "scale_err_sym": 1.14606737159896,
    "MB": -19.246448443378398,
    "MB_err_cond": 0.029855183954244118,
    "chi2_min": 299.7450963528827,
    "chi2_per_dof": 0.8539746334839963,
    "H0_local": 73.33817591783448
   },
   "tracker": {
    "label": "shoes_hf_flag/tracker",
    "n": 354,
    "dof": 351,
    "ref": 55.0,
    "shape_best": 0.9000000000000004,
    "shape_err_lo": 0.2808094149434103,
    "shape_err_hi": null,
    "shape_railed": true,
    "scale": 52.09204198035494,
    "scale_err_lo": 0.7373670072107572,
    "scale_err_hi": 9.925114022220633,
    "scale_err_sym": 5.331240514715695,
    "MB": -19.245975121241514,
    "MB_err_cond": 0.029855183954244118,
    "chi2_min": 299.99973333999515,
    "chi2_per_dof": 0.8547000949857412,
    "dressed": {
     "fv0": 0.9000000000000004,
     "g_dress": 1.4034482758620692,
     "Hd0": 1.4035113656764877,
     "S0": 0.7120151917207502,
     "Hbar0": 52.09204198035494,
     "H0_gdress": 73.10848650346367,
     "H0_fullrate": 73.1117729807249,
     "H0_local_slope": 73.16141928722394
    }
   },
   "free_fixed": {
    "label": "shoes_hf_flag/free_fixed",
    "n": 354,
    "dof": 351,
    "ref": 55.0,
    "shape_err_lo": null,
    "shape_err_hi": null,
    "shape_railed": true,
    "scale": 58.27662616390585,
    "scale_err_lo": 0.824920088637441,
    "scale_err_hi": 0.8367647003839949,
    "scale_err_sym": 0.830842394510718,
    "MB": -19.246372142638137,
    "MB_err_cond": 0.029855183954244118,
    "chi2_min": 299.80784091725945,
    "chi2_per_dof": 0.8541533929266651,
    "dressed": {
     "fv0": 0.64013,
     "g_dress": 1.189183045456095,
     "Hd0": 1.2575679214699604,
     "S0": 0.7946988394415567,
     "Hbar0": 58.27662616390585,
     "H0_gdress": 69.3015757804999,
     "H0_fullrate": 73.286815635225,
     "H0_local_slope": 73.3317116769133
    }
   }
  },
  "hf_z_gt_010": {
   "n": 1037,
   "n_cal": 77,
   "n_hf": 960,
   "lcdm": {
    "label": "hf_z_gt_010/LCDM",
    "n": 1037,
    "dof": 1034,
    "ref": 70.0,
    "shape_best": 0.33000000000000024,
    "shape_err_lo": 0.02301427257893457,
    "shape_err_hi": 0.025721304368631903,
    "shape_railed": false,
    "scale": 73.59282103343055,
    "scale_err_lo": 1.10448784152031,
    "scale_err_hi": 1.0970092106334164,
    "scale_err_sym": 1.1007485260768632,
    "MB": -19.24533904690054,
    "MB_err_cond": 0.029698372002784152,
    "chi2_min": 895.8507535047829,
    "chi2_per_dof": 0.866393378631318,
    "H0_local": 73.59282103343055
   },
   "tracker": {
    "label": "hf_z_gt_010/tracker",
    "n": 1037,
    "dof": 1034,
    "ref": 55.0,
    "shape_best": 0.7900000000000003,
    "shape_err_lo": 0.0405967162110864,
    "shape_err_hi": 0.050414641468726984,
    "shape_railed": false,
    "scale": 55.40381300355634,
    "scale_err_lo": 1.7753823817513137,
    "scale_err_hi": 1.510409975475497,
    "scale_err_sym": 1.6428961786134053,
    "MB": -19.24296587091345,
    "MB_err_cond": 0.029698372002784152,
    "chi2_min": 900.076950263232,
    "chi2_per_dof": 0.870480609538909,
    "dressed": {
     "fv0": 0.7900000000000003,
     "g_dress": 1.3058064516129035,
     "Hd0": 1.3058513940295293,
     "S0": 0.7652254080730891,
     "Hbar0": 55.40381300355634,
     "H0_gdress": 72.34665646399874,
     "H0_fullrate": 72.34914644524541,
     "H0_local_slope": 72.40195165901305
    }
   },
   "free_fixed": {
    "label": "hf_z_gt_010/free_fixed",
    "n": 1037,
    "dof": 1034,
    "ref": 55.0,
    "shape_err_lo": null,
    "shape_err_hi": null,
    "shape_railed": true,
    "scale": 58.249164156114574,
    "scale_err_lo": 0.8205220893689784,
    "scale_err_hi": 0.8322454468246647,
    "scale_err_sym": 0.8263837680968216,
    "MB": -19.24510361333313,
    "MB_err_cond": 0.029698372002784152,
    "chi2_min": 897.1637855544686,
    "chi2_per_dof": 0.8676632355459077,
    "dressed": {
     "fv0": 0.64013,
     "g_dress": 1.189183045456095,
     "Hd0": 1.2575679214699604,
     "S0": 0.7946988394415567,
     "Hbar0": 58.249164156114574,
     "H0_gdress": 69.26891842644034,
     "H0_fullrate": 73.25228029516752,
     "H0_local_slope": 73.29715518025279
    }
   }
  }
 },