{
  "probe": "WP-B Stage-1 Phase-A: dynamically-consistent three-phase Buchert solver gates",
  "spec": "PLAN_WPB_threephase.md sec 3 (G1-G4)",
  "lapse_path": "DERIVED (DNW13 Eq 16 gamma_bar=Hbar/H_w generalised to the three-phase wall clock); NOT the algebraic (2+f_v)/2 ansatz. See NOTES_threephase.md.",
  "sources": {
    "multiscale_partition_and_backreaction": "Wiegand & Buchert 2010 (arXiv:1002.3912)",
    "two_scale_template_and_lapse": "Duley, Nazer & Wiltshire 2013 (arXiv:1306.3208), Eqs 8, 9, 10-11, 14, 16, 24",
    "dressed_distance_construction": "Wiltshire 2009 (arXiv:0909.0749); paper-2 modelv_theory (oracle it must reproduce)"
  },
  "gates": {
    "G1_tracker_limit": {
      "PASS": true,
      "max_relDM_over_1e-3_1100": 1.7359955695184226e-09,
      "relDM_argmax_z": 0.001023495169898516,
      "(a)_pass": true,
      "SN_chi2_make_chi2": 1391.545176230371,
      "SN_chi2_harness": 1391.545176230371,
      "SN_chi2_ref": 1391.545176,
      "SN_chi2_absdiff": 2.3037091523292474e-07,
      "(b)_pass": true,
      "GA_ratios": {
        "0.01": 0.0026333371222573287,
        "0.1": 0.024887456156952092,
        "0.5": 0.09816836764938475,
        "1.0": 0.1487718135665479,
        "2.0": 0.1751525091130688
      },
      "GA_targets": {
        "0.01": 0.0026,
        "0.1": 0.0249,
        "0.5": 0.0982,
        "1.0": 0.1488,
        "2.0": 0.1752
      },
      "GA_max_absdiff": 4.749088693120629e-05,
      "dDMdz_ne_DH_nonFLRW": true,
      "(c)_pass": true,
      "tracker_joint_fv0_0.6426": 1469.292884264607,
      "joint_ref": 1469.2926,
      "(joint)_pass": true,
      "note": "empty-void two-scale = exact Wiltshire tracker (walls a_w~t^{2/3}, void a_v~t Milne)"
    },
    "G2_integrability": {
      "PASS": true,
      "matter_differentiated_3phase": {
        "alpha2_shallow": 0.7,
        "alpha2_deep": 1.2,
        "Om_shallow": 0.2029543720758157,
        "Om_deep": 0.01902505195674733,
        "alpha2_shallow_recovered_mean": 0.7000000483201961,
        "alpha2_deep_recovered_mean": 1.2000000494722782,
        "drift_alpha2_shallow": 4.996028206694092e-07,
        "drift_alpha2_deep": 2.919746886487218e-07,
        "fv0": 0.64,
        "selfcons_Hbar_vs_D1_maxfrac": 7.091415829219017e-06,
        "common_bang_ceiling_1/tau0^2": 1.2913223140495869
      },
      "deep_empty_shallow_matter_3phase": {
        "alpha2_shallow": 1.1,
        "alpha2_deep": 1.2913223140495869,
        "Om_shallow": 0.04764855298385844,
        "Om_deep": 0.0,
        "alpha2_shallow_recovered_mean": 1.1000000450257512,
        "alpha2_deep_recovered_mean": 1.2913223659277067,
        "drift_alpha2_shallow": 2.699223913271709e-07,
        "drift_alpha2_deep": 2.052259395757261e-07,
        "fv0": 0.64,
        "selfcons_Hbar_vs_D1_maxfrac": 1.3629625608135854e-06
      }
    },
    "G3_lapse_limit": {
      "PASS": true,
      "fv0=0.853": {
        "max_frac_gamma_vs_(2+fv)/2": 4.440892098500626e-16,
        "gamma0": 1.4264999999999999,
        "(2+fv0)/2": 1.4264999999999999,
        "gamma0_absdiff": 0.0
      },
      "fv0=0.6426": {
        "max_frac_gamma_vs_(2+fv)/2": 4.440892098500626e-16,
        "gamma0": 1.3213,
        "(2+fv0)/2": 1.3213,
        "gamma0_absdiff": 0.0
      },
      "fv0=0.5": {
        "max_frac_gamma_vs_(2+fv)/2": 4.440892098500626e-16,
        "gamma0": 1.25,
        "(2+fv0)/2": 1.25,
        "gamma0_absdiff": 0.0
      }
    },
    "G4_numerics": {
      "PASS": true,
      "z": [
        0.1,
        0.3,
        0.5,
        0.7,
        1.0,
        1.3,
        2.0,
        2.33
      ],
      "max_rel_dDM_stephalving": 1.0327805277654534e-09,
      "max_rel_dHbar_stephalving": 1.1722438575390015e-09,
      "Ngrid_coarse": 30000,
      "Ngrid_fine": 60000,
      "dDM_per_z": [
        2.9097013687362505e-10,
        2.2644019992412723e-10,
        2.784157349111638e-10,
        3.2769809088506463e-10,
        3.911020396429876e-10,
        3.130533610118391e-10,
        4.949690657340966e-10,
        1.0327805277654534e-09
      ],
      "dHbar_per_z": [
        1.8041124150158794e-11,
        4.453581947672092e-11,
        8.640721471664392e-11,
        1.3817125221748938e-10,
        2.319294756247814e-10,
        2.8858027079081694e-12,
        4.458322599987241e-12,
        1.1722438575390015e-09
      ]
    }
  },
  "ALL_GATES_PASS": true,
  "phase_B_verdict": "GO",
  "key_outputs": {
    "tracker_fv0_0.853": {
      "z": [
        0.1,
        0.3,
        0.5,
        0.7,
        1.0,
        2.0
      ],
      "D_M": [
        0.07105509672465386,
        0.2003572826086237,
        0.3157366993750098,
        0.4198864425015886,
        0.5590902334760636,
        0.9194350386418986
      ],
      "D_H": [
        0.6705788835457732,
        0.5712350498816947,
        0.49807385680009253,
        0.44184622716064026,
        0.3781320305530244,
        0.2551153493357293
      ],
      "Hbar_over_Hbar0": [
        1.1059675579635486,
        1.3213336162946523,
        1.5413566206247373,
        1.766130137750998,
        2.1123863443486712,
        3.34829509890779
      ],
      "gamma_bar": [
        1.4196332840372128,
        1.406173551292201,
        1.3930822344342244,
        1.3803625016469332,
        1.3619836614696494,
        1.306769104313385
      ],
      "fv": [
        0.8392665680744255,
        0.8123471025844019,
        0.7861644688684489,
        0.7607250032938662,
        0.7239673229392993,
        0.6135382086267703
      ]
    },
    "representative_3phase": {
      "config": {
        "f_s0": 0.36,
        "alpha2_s": 0.7,
        "Om_s": 0.2029543720758157,
        "f_d0": 0.28,
        "alpha2_d": 1.2,
        "Om_d": 0.01902505195674733,
        "f_w0": 0.36
      },
      "z": [
        0.1,
        0.3,
        0.5,
        0.7,
        1.0,
        2.0
      ],
      "D_M": [
        0.09455366342128647,
        0.2580345081565215,
        0.3945196707615448,
        0.5103089839755507,
        0.6547005624519241,
        0.9812419460145059
      ],
      "D_H": [
        0.8925424493158899,
        0.733411116953513,
        0.6160858166233985,
        0.5265328489189268,
        0.4267750051827675,
        0.24633098334800616
      ],
      "Hbar_over_Hbar0": [
        1.0424376272428653,
        1.2927012741208252,
        1.56007188208458,
        1.8437947320597827,
        2.298485734834511,
        4.042110443216403
      ],
      "gamma_bar": [
        1.2055764542191314,
        1.1814255395237983,
        1.1615723979180042,
        1.1450923163066438,
        1.1251955696011,
        1.0840599058914442
      ],
      "fv": [
        0.6191807540432395,
        0.5828779993256412,
        0.5525195939233393,
        0.5269392971789116,
        0.4955546805063999,
        0.42861362608370474
      ],
      "fs": [
        0.35659314926872576,
        0.35008301960590993,
        0.3440739132119675,
        0.33859832036529225,
        0.33134124723121516,
        0.3136764603027701
      ],
      "fd": [
        0.2625876047745137,
        0.23279497971973126,
        0.2084456807113718,
        0.1883409768136194,
        0.1642134332751847,
        0.11493716578093459
      ]
    }
  },
  "runtime_s": 1.97
}