{
 "probe": "verify_hb_catalog_forced",
 "target": "probes_out/hb_catalog_forced.json",
 "verdict": "SURVIVES",
 "summary": {
  "L1_fvobs_max_reconstruct_ok": true,
  "L2_E_max_obs": 0.06574386689340406,
  "L2_E_max_committed": 0.06574386689340406,
  "L2_E_max_identity_resid": 8.326672684688674e-17,
  "L3_phi_hf": 0.07134331849835682,
  "L3_b_pred_survey": 0.004690385635089702,
  "L3_b_pred_committed": 0.004690385635089702,
  "L3_band": [
   0.00018159130065263039,
   0.014069040622814612
  ],
  "L3_b_pred_le_WP024_central": true,
  "L3_le_WP024_band": true,
  "L4_joint_chi2_per_dof": 1.7874564056453792,
  "L4_nsigma_above_dof": 22.216879219872087,
  "L4_miss_bic_bar": 1438.4515868177284,
  "L4_clears_bar": false,
  "L4_global_Hbar0": 50.81535724695566,
  "L5_anchored_Hbar0": 67.0542485193126,
  "L5_anchored_fullrate": 69.9051894954148,
  "L5_b_req_obs": 0.31956660647760793,
  "L5_b_req_committed": 0.31956660647760793,
  "verdict_FAILS": true,
  "b_req_over_b_pred_fitted": 17.94439996827042,
  "b_req_over_b_pred_obs": 68.13226701166467
 },
 "checks": [
  "[OK] L1 fvobs telescope z=0: got=0.643279949444014 committed=0.643279949444014 (adiff=0.000e+00)",
  "[OK] L1 fvobs telescope z=0.3: got=0.6229320569236853 committed=0.6229320569236853 (adiff=0.000e+00)",
  "[OK] L1 fvobs telescope z=0.7: got=0.6009407462040413 committed=0.6009407462040413 (adiff=0.000e+00)",
  "[OK] L1 fvobs hbjson z=0: got=0.64328 committed=0.64328 (adiff=0.000e+00)",
  "[OK] L1 fvobs hbjson z=0.3: got=0.622932 committed=0.622932 (adiff=0.000e+00)",
  "[OK] L1 fvobs hbjson z=0.7: got=0.600941 committed=0.600941 (adiff=0.000e+00)",
  "[OK] L1 fvobs hbjson z=1.3: got=0.577925 committed=0.577925 (adiff=0.000e+00)",
  "[OK] L1 fvobs hbjson z=2.33: got=0.555088 committed=0.555088 (adiff=0.000e+00)",
  "[INFO] L1 all fvobs>=0.5 floor: True ; nodes=[0.64328, 0.622932, 0.600941, 0.577925, 0.555088]",
  "[OK] L2 E_max own-reimpl: got=0.06574386689340406 committed=0.06574386689340406 (adiff=0.000e+00)",
  "[OK] L2 E_max BP.two_scale: got=0.06574386689340406 committed=0.06574386689340406 (adiff=0.000e+00)",
  "[OK] L2 gamma_bar0: got=1.321639974722007 committed=1.321639974722007 (adiff=0.000e+00)",
  "[OK] L2 Hv_over_Hbar0: got=0.8406645130840311 committed=0.8406645130840311 (adiff=0.000e+00)",
  "[OK] L2 Hdress_over_Hbar0: got=1.0425167437845506 committed=1.0425167437845506 (adiff=0.000e+00)",
  "[OK] L2 gamma_bar_dot: got=0.028923242235731908 committed=0.028923242235731908 (adiff=0.000e+00)",
  "[OK] L2 fvprime0(=2*gammadot): got=0.057846484471463816 committed=0.057846484471463816 (adiff=0.000e+00)",
  "[OK] L2 E_dress_void: got=0.03800019523712478 committed=0.03800019523712478 (adiff=0.000e+00)",
  "[OK] L2 E_max identity resid: got=8.326672684688674e-17 committed=0.0 (adiff=8.327e-17)",
  "[INFO] L2 fv0=0.643280 g_dress=1.191421 n_iter=11 dz_resid=2.23e-09",
  "[INFO] L2 E_max_obs/E_max_fitted = 0.1954 (claim ~0.195, ~5x smaller)",
  "[OK] L2 Hd0 (solver-array): got=1.0425169327679678 committed=1.0425169327679678 (adiff=0.000e+00)",
  "[OK] L3 n_calibrators: got=77 committed=77 (adiff=0.000e+00)",
  "[OK] L3 n_hubble_flow: got=277 committed=277 (adiff=0.000e+00)",
  "[OK] L3 <phi>_HF: got=0.07134331849835682 committed=0.07134331849835682 (adiff=0.000e+00)",
  "[OK] L3 <phi>_calib: got=0.9940403452757023 committed=0.9940403452757023 (adiff=0.000e+00)",
  "[OK] L3 b_pred_survey_central: got=0.004690385635089702 committed=0.004690385635089702 (adiff=0.000e+00)",
  "[OK] L3 band lo: got=0.00018159130065263039 committed=0.00018159130065263039 (adiff=0.000e+00)",
  "[OK] L3 band hi: got=0.014069040622814612 committed=0.014069040622814612 (adiff=0.000e+00)",
  "[INFO] L3 b_pred_central=0.004690 band_hi=0.014069 <= WP-H2' 0.024007: central=True band=True",
  "[OK] L4 global Hbar0 (file->hbjson): got=50.81535724695566 committed=50.81535724695566 (adiff=0.000e+00)",
  "[OK] L4 joint_chi2: got=2845.6305977874435 committed=2845.6305977874435 (adiff=0.000e+00)",
  "[OK] L4 dof: got=1592 committed=1592 (adiff=0.000e+00)",
  "[OK] L4 joint chi2/dof: got=1.7874564056453792 committed=1.7874564056453792 (adiff=0.000e+00)",
  "[OK] L4 nsigma above dof: got=22.216879219872087 committed=22.216879219872087 (adiff=0.000e+00)",
  "[OK] L4 miss BIC bar: got=1438.4515868177284 committed=1438.4515868177284 (adiff=0.000e+00)",
  "[OK] L4 miss==fj.miss_by_dr2: got=1438.4515868177284 committed=1438.4515868177284 (adiff=0.000e+00)",
  "[OK] L4 LCDM chi2/dof: got=0.8798271584603174 committed=0.8798271584603174 (adiff=0.000e+00)",
  "[INFO] L4 global fit POOR: chi2/dof=1.7875 (~22.2sigma) miss_bic=1438.5 clears_bar=False -> poor=True",
  "[OK] L5 anchored bare Hbar0 (analytic GLS): got=67.0542485193126 committed=67.0542485193126 (adiff=0.000e+00)",
  "[OK] L5 anchored chi2_min: got=1947.4005390405655 committed=1947.4005390405655 (adiff=0.000e+00)",
  "[OK] L5 anchored dof(n-3): got=1654 committed=1654 (adiff=0.000e+00)",
  "[OK] L5 anchored chi2/dof: got=1.177388475840729 committed=1.177388475840729 (adiff=0.000e+00)",
  "[OK] L5 b_req^obs: got=0.31956660647760793 committed=0.31956660647760793 (adiff=0.000e+00)",
  "[OK] L5 anchored FULLRATE H0: got=69.9051894954148 committed=69.9051894954148 (adiff=0.000e+00)",
  "[INFO] L5 anchored Hbar0=67.0542 fullrate=69.9052 (fitted fullrate 73.34; summary caveat: ~70 not ~73) b_req^obs=0.31957",
  "[INFO] VERDICT b_pred band max 0.014069 < fitted b_req 0.08417: True ; < b_req^obs 0.31957: True -> FAILS=True"
 ],
 "discrepancies": [],
 "runtime_s": 1.04,
 "verdict_of_verification": "SURVIVES"
}