{
 "probe": "verify_wpc_sound_horizon",
 "purpose": "Adversarial clean-room verification of wpc_sound_horizon.json (in-model DNW13 bare sound horizon).",
 "verdict": "SURVIVES_WITH_CAVEATS",
 "recomputed": {
  "r_d_quad": 199.5612258893033,
  "r_d_trap": 199.56122588931447,
  "r_d_subst": 199.5612258893033,
  "r_dec": 195.89268303008296,
  "delta_percent_vs_147p09": 35.67287095608356,
  "gamma_bar0": 1.320063976811062,
  "Omega_M0_bar": 0.20651811574526202,
  "omega_m_bar": 0.059762725162048176,
  "omega_r_bar": 1.3681016122896446e-05,
  "omega_b_bar": 0.00809455921657799,
  "z_eq_bare": 4368.2957921546285,
  "z_eq_LCDM": 3418.312263471486,
  "lcdm_gate_r_star": 144.29392336494914,
  "lcdm_gate_r_drag": 146.93931243803257,
  "lcdm_gate_pass": true,
  "dnw13_OmB0_bar": 0.030218078362731382,
  "dnw13_gamma_bar0": 1.349,
  "dnw13_dressed_OmM0": 0.40739800000000004,
  "dnw13_dressed_H0": 61.71339540400296,
  "dnw13_r_drag": 212.97726776208407,
  "R_baryon_drag_bare": 0.532303830634365,
  "R_baryon_drag_frameinv": 0.532303830634365,
  "invariant_c_over_alpha": 7912.601016209118,
  "Hbar0_implied": 39.649992031008274,
  "Hbar0_fixed_point": 32.36326372127159,
  "r_d_fixed_point": 244.49329761441047,
  "H0_dressed_implied": 47.15104076420327,
  "H0_fullrate_implied": 49.86111105682441,
  "decomp_path_r_d": [
   147.19566809511352,
   176.68512314696358,
   179.83052481053738,
   245.0717286489011,
   199.5612258893033
  ],
  "decomp_d_matter": 29.489455051850058,
  "decomp_d_baryon_eta": 3.145401663573807,
  "decomp_d_radiation_suppression": 65.2412038383637,
  "decomp_d_xdec_limit": -45.510502759597784,
  "decomp_d_net_gamma_frame": 19.730701078765918,
  "decomp_matter_is_dominant": true,
  "harness_alpha_tracker": 38.50578082930572,
  "harness_chi2": 36.77671996643767,
  "harness_H0_with_147": 52.93118542980622,
  "harness_H0_with_inmodel_rd": 39.01383162072225,
  "chi2_rd_independent": true
 },
 "checks": [
  "input alpha=37.8879786 matches probe OK",
  "input fv0=0.6401279536 matches probe OK",
  "input Hbar0=53.79428252 matches probe OK",
  "input g_dress=1.189181595 matches probe OK",
  "input Hd_z0=1.257531427 matches probe OK",
  "modelV V.chi2_min=1396.0592 (probe cites 1396.06) OK",
  "bare gam0=1.32006 vs claim 1.32006 OK",
  "bare OmM0=0.206518 vs claim 0.206518 OK",
  "bare om_m=0.0597627 vs claim 0.0597627 OK",
  "bare om_r=1.3681e-05 vs claim 1.3681e-05 OK",
  "bare om_g=8.14346e-06 vs claim 8.14346e-06 OK",
  "bare om_b=0.00809456 vs claim 0.00809456 OK",
  "bare OmB0_bare=0.0279718 vs claim 0.0279718 OK",
  "bare z_eq_bare=4368.3 vs claim 4368.3 OK",
  "g_dress(fv0) recomputed=1.1891815950 vs V=1.1891815950 OK",
  "dressed Omega_M0=0.4751 (independent tracker relation)",
  "r_d: quad=199.5612 trap=199.5612 subst=199.5612 Mpc (claim 199.5612)",
  "r_dec quad=195.8927 vs claim 195.8927 OK",
  "delta vs 147.09 = +35.67% (claim +35.67%)",
  "LCDM gate r_star=144.294 r_drag=146.939 PASS (Planck 144.4/147.1)",
  "DNW13 OmB0_bar=0.0302 (quoted 0.0303; claim 0.0302)",
  "DNW13 gamma_bar0=1.3490 (expect 1.349)",
  "DNW13 dressed OmM0=0.4074 (expect 0.410)",
  "DNW13 dressed H0=g_dress*50.1=61.71 (expect 61.7)",
  "DNW13 r_drag@params=212.98 Mpc (claim 212.98)",
  "R(z_drag) bare=0.53230 vs gam0-cancelled=0.53230 FRAME-INVARIANT OK",
  "z_eq_bare=4368 vs z_eq_LCDM=3418: bare equality is EARLIER (higher z)",
  "invariant c/alpha_V=7912.6010 vs Hbar0*147.09=7912.6010 OK",
  "Hbar0_implied=c/(alpha*r_d)=39.6500 (claim 39.6500)",
  "fixed point Hbar0*=32.3633 r_d*=244.4933 (claim 32.3633/244.4933)",
  "dressed H0 implied=47.151 (g_dress) / 49.861 (full-rate) (claim 47.15/49.86)",
  "DECOMP path r_d: LCDM=147.2 +matter->176.7 +baryon->179.8 +radsupp->245.1 +xdec->199.6 (=full 199.6)",
  "DECOMP contributions (Mpc): low-matter=+29.5  eta-baryon=+3.1  radiation-gamma^-4-suppression=+65.2 (INFLATES)  x_dec-bare-decoupling-limit=-45.5 (COMPENSATES)  NET-gamma-frame=+19.7",
  "low-bare-matter is dominant NET driver? True (matter +29.5 vs net-gamma +19.7 vs baryon +3.1)",
  "chi2 r_d-independence: chi2=36.7767 (unchanged=True), alpha=38.5058 (unchanged=True) -> CONFIRMED",
  "H0(bare) from harness alpha: with 147.09=52.931  with in-model r_d=39.014",
  "NOTE harness bao_cmb_chi2 alpha (tracker grid)=38.506; probe uses modelV V alpha=37.888 (5-node forced) -- distinct fits, expected"
 ],
 "discrepancies": [
  "SUMMARY-CAVEAT WORDING: bare z_eq (4368) > LCDM (3421) so equality is EARLIER, not 'delayed' as one summary caveat states; the JSON bare_parameters note ('earlier matter-radiation equality') is correct. r_s inflation is driven by lower H throughout (both om_m and om_r down), not by delayed equality. Mechanism conclusion unaffected.",
  "MECHANISM-WORDING ERROR: the JSON bare_parameters note and the summary caveat say the 'gamma_bar0^-4 radiation suppression partly compensates/offsets'. The physically-consistent decomposition shows the OPPOSITE SIGN: radiation suppression alone INFLATES r_d by +65.2 Mpc (it is the single largest sub-effect). The genuine partial COMPENSATOR is the x_dec=1/(gam0(1+z_dec)) bare-decoupling limit (-45.5 Mpc), a distinct gamma effect. NET gamma-frame = +19.7 Mpc (mild inflation). Low bare matter (+29.5) remains the dominant NET driver, so the headline mechanism and the +35.7% number are UNAFFECTED; only the causal attribution of the gamma terms is stated with the wrong sign."
 ],
 "equation_number_verification": {
  "source_checked": "ar5iv.labs.arxiv.org/abs/1306.3208 (via WebFetch small-model read; partial content, treat as indicative not exhaustive)",
  "Eq31_sound_horizon": "CONFIRMED -- source: Eq (31) defines D_bar_s 'the volume-average sound horizon scale at any epoch'. Matches probe.",
  "Eq49_drag_depth": "CONFIRMED -- source: c*tau_d ~= 1 assigned to Eq (49) in Appendix B. Matches probe.",
  "Eq22_lapse_gamma_bar0": "CONFIRMED as the lapse equation -- source: Eq (22) gives the general gamma_bar0 relation; the tracker simplification (2+fv0)/2 is DERIVED, not verbatim. Probe label OK.",
  "Eq20_21_tracker_OmM0_Omk0": "PLAUSIBLE-NOT-VERBATIM -- source places the bare density parameters (Om_M,Om_R,Om_k,Om_Q) in Eqs (18)-(21); the specific OmM0/Omk0 tracker forms are within that block but the exact sub-numbering (20-21) is not verbatim confirmable.",
  "Eq10_bare_Friedmann_with_radiation": "NOT CONFIRMED -- source's read attributes the radiation Friedmann (first Buchert eq with Om_M+Om_R) to Eq (2), with density-parameter forms in (18)-(21); 'Eq 10' specifically could not be located and may be a mislabel. The FORM (H_bar^2=H_bar0^2[OmM0 x^-3+OmR0 x^-4], drop Q&curvature as fv->0) is standard and numerically validated regardless.",
  "quoted_params_confirmed": "eta_Bgamma=(5.1+/-0.5)e-10 CONFIRMED; g_*=3.36 CONFIRMED. Omega_B0_bar/T0/z_dec vary across the paper's numerical solutions (no single universal value in the source read); probe's DNW13 self-check reproduces Omega_B0_bar=0.0303 numerically.",
  "verdict": "FORMS all standard & numerically validated (LCDM gate passes, DNW13 self-check reproduces 0.0303, R frame-invariant). Eq 31 & Eq 49 labels CONFIRMED; Eq 22 confirmed as lapse; Eq 10 and Eq 20-21 labels NOT verbatim-confirmable (Eq 10 likely should be Eq 2). Citation-precision issue only; does not affect any number."
 },
 "verdict_of_verification": "SURVIVES_WITH_CAVEATS"
}